"24개 암종별","성별","연령별",2019,2019
"24개 암종별","성별","연령별",발생자수 (명),조발생률 (명/10만명)
"모든 암(C00-C96)","계","계",254718,496.2
"모든 암(C00-C96)","계","0-4세",406,21.3
"모든 암(C00-C96)","계","5-9세",220,9.5
"모든 암(C00-C96)","계","10-14세",300,13.0
"모든 암(C00-C96)","계","15-19세",583,21.4
"모든 암(C00-C96)","계","20-24세",1344,40.1
"모든 암(C00-C96)","계","25-29세",2896,84.4
"모든 암(C00-C96)","계","30-34세",4652,147.6
"모든 암(C00-C96)","계","35-39세",8845,223.3
"모든 암(C00-C96)","계","40-44세",12427,322.2
"모든 암(C00-C96)","계","45-49세",17759,396.5
"모든 암(C00-C96)","계","50-54세",22061,518.0
"모든 암(C00-C96)","계","55-59세",28454,668.0
"모든 암(C00-C96)","계","60-64세",33079,918.5
"모든 암(C00-C96)","계","65-69세",29031,1187.9
"모든 암(C00-C96)","계","70-74세",29796,1566.4
"모든 암(C00-C96)","계","75-79세",29324,1829.0
"모든 암(C00-C96)","계","80-84세",20664,1956.5
"모든 암(C00-C96)","계","85세이상",12874,1805.3
"모든 암(C00-C96)","계","연령미상",3,-
"모든 암(C00-C96)","남자","계",134180,523.9
"모든 암(C00-C96)","남자","0-4세",233,23.8
"모든 암(C00-C96)","남자","5-9세",127,10.6
"모든 암(C00-C96)","남자","10-14세",157,13.2
"모든 암(C00-C96)","남자","15-19세",273,19.2
"모든 암(C00-C96)","남자","20-24세",463,26.3
"모든 암(C00-C96)","남자","25-29세",895,49.4
"모든 암(C00-C96)","남자","30-34세",1415,86.9
"모든 암(C00-C96)","남자","35-39세",2673,132.4
"모든 암(C00-C96)","남자","40-44세",3745,191.1
"모든 암(C00-C96)","남자","45-49세",5728,251.9
"모든 암(C00-C96)","남자","50-54세",9182,427.7
"모든 암(C00-C96)","남자","55-59세",14697,687.8
"모든 암(C00-C96)","남자","60-64세",19504,1096.9
"모든 암(C00-C96)","남자","65-69세",18896,1604.2
"모든 암(C00-C96)","남자","70-74세",19721,2231.5
"모든 암(C00-C96)","남자","75-79세",18651,2759.7
"모든 암(C00-C96)","남자","80-84세",11967,3094.1
"모든 암(C00-C96)","남자","85세이상",5851,3072.2
"모든 암(C00-C96)","남자","연령미상",2,-
"모든 암(C00-C96)","여자","계",120538,468.5
"모든 암(C00-C96)","여자","0-4세",173,18.6
"모든 암(C00-C96)","여자","5-9세",93,8.2
"모든 암(C00-C96)","여자","10-14세",143,12.8
"모든 암(C00-C96)","여자","15-19세",310,23.7
"모든 암(C00-C96)","여자","20-24세",881,55.2
"모든 암(C00-C96)","여자","25-29세",2001,123.6
"모든 암(C00-C96)","여자","30-34세",3237,212.5
"모든 암(C00-C96)","여자","35-39세",6172,317.8
"모든 암(C00-C96)","여자","40-44세",8682,457.6
"모든 암(C00-C96)","여자","45-49세",12031,545.7
"모든 암(C00-C96)","여자","50-54세",12879,609.8
"모든 암(C00-C96)","여자","55-59세",13757,648.0
"모든 암(C00-C96)","여자","60-64세",13575,744.5
"모든 암(C00-C96)","여자","65-69세",10135,800.6
"모든 암(C00-C96)","여자","70-74세",10075,989.2
"모든 암(C00-C96)","여자","75-79세",10673,1150.9
"모든 암(C00-C96)","여자","80-84세",8697,1299.2
"모든 암(C00-C96)","여자","85세이상",7023,1343.6
"모든 암(C00-C96)","여자","연령미상",1,-
"입술, 구강 및 인두(C00-C14)","계","계",3969,7.7
"입술, 구강 및 인두(C00-C14)","계","0-4세",-,-
"입술, 구강 및 인두(C00-C14)","계","5-9세",1,-
"입술, 구강 및 인두(C00-C14)","계","10-14세",7,0.3
"입술, 구강 및 인두(C00-C14)","계","15-19세",13,0.5
"입술, 구강 및 인두(C00-C14)","계","20-24세",32,1.0
"입술, 구강 및 인두(C00-C14)","계","25-29세",45,1.3
"입술, 구강 및 인두(C00-C14)","계","30-34세",49,1.6
"입술, 구강 및 인두(C00-C14)","계","35-39세",112,2.8
"입술, 구강 및 인두(C00-C14)","계","40-44세",158,4.1
"입술, 구강 및 인두(C00-C14)","계","45-49세",300,6.7
"입술, 구강 및 인두(C00-C14)","계","50-54세",416,9.8
"입술, 구강 및 인두(C00-C14)","계","55-59세",556,13.1
"입술, 구강 및 인두(C00-C14)","계","60-64세",628,17.4
"입술, 구강 및 인두(C00-C14)","계","65-69세",470,19.2
"입술, 구강 및 인두(C00-C14)","계","70-74세",415,21.8
"입술, 구강 및 인두(C00-C14)","계","75-79세",392,24.5
"입술, 구강 및 인두(C00-C14)","계","80-84세",228,21.6
"입술, 구강 및 인두(C00-C14)","계","85세이상",147,20.6
"입술, 구강 및 인두(C00-C14)","계","연령미상",-,-
"입술, 구강 및 인두(C00-C14)","남자","계",2863,11.2
"입술, 구강 및 인두(C00-C14)","남자","0-4세",-,-
"입술, 구강 및 인두(C00-C14)","남자","5-9세",1,0.1
"입술, 구강 및 인두(C00-C14)","남자","10-14세",3,0.3
"입술, 구강 및 인두(C00-C14)","남자","15-19세",7,0.5
"입술, 구강 및 인두(C00-C14)","남자","20-24세",18,1.0
"입술, 구강 및 인두(C00-C14)","남자","25-29세",24,1.3
"입술, 구강 및 인두(C00-C14)","남자","30-34세",29,1.8
"입술, 구강 및 인두(C00-C14)","남자","35-39세",60,3.0
"입술, 구강 및 인두(C00-C14)","남자","40-44세",102,5.2
"입술, 구강 및 인두(C00-C14)","남자","45-49세",203,8.9
"입술, 구강 및 인두(C00-C14)","남자","50-54세",295,13.7
"입술, 구강 및 인두(C00-C14)","남자","55-59세",424,19.8
"입술, 구강 및 인두(C00-C14)","남자","60-64세",497,28.0
"입술, 구강 및 인두(C00-C14)","남자","65-69세",384,32.6
"입술, 구강 및 인두(C00-C14)","남자","70-74세",301,34.1
"입술, 구강 및 인두(C00-C14)","남자","75-79세",293,43.4
"입술, 구강 및 인두(C00-C14)","남자","80-84세",150,38.8
"입술, 구강 및 인두(C00-C14)","남자","85세이상",72,37.8
"입술, 구강 및 인두(C00-C14)","남자","연령미상",-,-
"입술, 구강 및 인두(C00-C14)","여자","계",1106,4.3
"입술, 구강 및 인두(C00-C14)","여자","0-4세",-,-
"입술, 구강 및 인두(C00-C14)","여자","5-9세",-,-
"입술, 구강 및 인두(C00-C14)","여자","10-14세",4,0.4
"입술, 구강 및 인두(C00-C14)","여자","15-19세",6,0.5
"입술, 구강 및 인두(C00-C14)","여자","20-24세",14,0.9
"입술, 구강 및 인두(C00-C14)","여자","25-29세",21,1.3
"입술, 구강 및 인두(C00-C14)","여자","30-34세",20,1.3
"입술, 구강 및 인두(C00-C14)","여자","35-39세",52,2.7
"입술, 구강 및 인두(C00-C14)","여자","40-44세",56,3.0
"입술, 구강 및 인두(C00-C14)","여자","45-49세",97,4.4
"입술, 구강 및 인두(C00-C14)","여자","50-54세",121,5.7
"입술, 구강 및 인두(C00-C14)","여자","55-59세",132,6.2
"입술, 구강 및 인두(C00-C14)","여자","60-64세",131,7.2
"입술, 구강 및 인두(C00-C14)","여자","65-69세",86,6.8
"입술, 구강 및 인두(C00-C14)","여자","70-74세",114,11.2
"입술, 구강 및 인두(C00-C14)","여자","75-79세",99,10.7
"입술, 구강 및 인두(C00-C14)","여자","80-84세",78,11.7
"입술, 구강 및 인두(C00-C14)","여자","85세이상",75,14.3
"입술, 구강 및 인두(C00-C14)","여자","연령미상",-,-
"식도(C15)","계","계",2870,5.6
"식도(C15)","계","0-4세",-,-
"식도(C15)","계","5-9세",-,-
"식도(C15)","계","10-14세",-,-
"식도(C15)","계","15-19세",-,-
"식도(C15)","계","20-24세",-,-
"식도(C15)","계","25-29세",-,-
"식도(C15)","계","30-34세",3,0.1
"식도(C15)","계","35-39세",7,0.2
"식도(C15)","계","40-44세",19,0.5
"식도(C15)","계","45-49세",65,1.5
"식도(C15)","계","50-54세",173,4.1
"식도(C15)","계","55-59세",363,8.5
"식도(C15)","계","60-64세",522,14.5
"식도(C15)","계","65-69세",469,19.2
"식도(C15)","계","70-74세",437,23.0
"식도(C15)","계","75-79세",427,26.6
"식도(C15)","계","80-84세",268,25.4
"식도(C15)","계","85세이상",117,16.4
"식도(C15)","계","연령미상",-,-
"식도(C15)","남자","계",2573,10.0
"식도(C15)","남자","0-4세",-,-
"식도(C15)","남자","5-9세",-,-
"식도(C15)","남자","10-14세",-,-
"식도(C15)","남자","15-19세",-,-
"식도(C15)","남자","20-24세",-,-
"식도(C15)","남자","25-29세",-,-
"식도(C15)","남자","30-34세",-,-
"식도(C15)","남자","35-39세",2,0.1
"식도(C15)","남자","40-44세",9,0.5
"식도(C15)","남자","45-49세",48,2.1
"식도(C15)","남자","50-54세",143,6.7
"식도(C15)","남자","55-59세",328,15.3
"식도(C15)","남자","60-64세",477,26.8
"식도(C15)","남자","65-69세",433,36.8
"식도(C15)","남자","70-74세",408,46.2
"식도(C15)","남자","75-79세",389,57.6
"식도(C15)","남자","80-84세",243,62.8
"식도(C15)","남자","85세이상",93,48.8
"식도(C15)","남자","연령미상",-,-
"식도(C15)","여자","계",297,1.2
"식도(C15)","여자","0-4세",-,-
"식도(C15)","여자","5-9세",-,-
"식도(C15)","여자","10-14세",-,-
"식도(C15)","여자","15-19세",-,-
"식도(C15)","여자","20-24세",-,-
"식도(C15)","여자","25-29세",-,-
"식도(C15)","여자","30-34세",3,0.2
"식도(C15)","여자","35-39세",5,0.3
"식도(C15)","여자","40-44세",10,0.5
"식도(C15)","여자","45-49세",17,0.8
"식도(C15)","여자","50-54세",30,1.4
"식도(C15)","여자","55-59세",35,1.6
"식도(C15)","여자","60-64세",45,2.5
"식도(C15)","여자","65-69세",36,2.8
"식도(C15)","여자","70-74세",29,2.8
"식도(C15)","여자","75-79세",38,4.1
"식도(C15)","여자","80-84세",25,3.7
"식도(C15)","여자","85세이상",24,4.6
"식도(C15)","여자","연령미상",-,-
"위(C16)","계","계",29493,57.4
"위(C16)","계","0-4세",-,-
"위(C16)","계","5-9세",-,-
"위(C16)","계","10-14세",1,-
"위(C16)","계","15-19세",1,-
"위(C16)","계","20-24세",16,0.5
"위(C16)","계","25-29세",61,1.8
"위(C16)","계","30-34세",127,4.0
"위(C16)","계","35-39세",435,11.0
"위(C16)","계","40-44세",954,24.7
"위(C16)","계","45-49세",1482,33.1
"위(C16)","계","50-54세",2508,58.9
"위(C16)","계","55-59세",3702,86.9
"위(C16)","계","60-64세",4661,129.4
"위(C16)","계","65-69세",3933,160.9
"위(C16)","계","70-74세",3851,202.4
"위(C16)","계","75-79세",3739,233.2
"위(C16)","계","80-84세",2556,242.0
"위(C16)","계","85세이상",1465,205.4
"위(C16)","계","연령미상",1,-
"위(C16)","남자","계",19761,77.2
"위(C16)","남자","0-4세",-,-
"위(C16)","남자","5-9세",-,-
"위(C16)","남자","10-14세",-,-
"위(C16)","남자","15-19세",1,0.1
"위(C16)","남자","20-24세",4,0.2
"위(C16)","남자","25-29세",35,1.9
"위(C16)","남자","30-34세",53,3.3
"위(C16)","남자","35-39세",172,8.5
"위(C16)","남자","40-44세",507,25.9
"위(C16)","남자","45-49세",905,39.8
"위(C16)","남자","50-54세",1682,78.3
"위(C16)","남자","55-59세",2714,127.0
"위(C16)","남자","60-64세",3447,193.9
"위(C16)","남자","65-69세",2884,244.8
"위(C16)","남자","70-74세",2730,308.9
"위(C16)","남자","75-79세",2453,363.0
"위(C16)","남자","80-84세",1494,386.3
"위(C16)","남자","85세이상",679,356.5
"위(C16)","남자","연령미상",1,-
"위(C16)","여자","계",9732,37.8
"위(C16)","여자","0-4세",-,-
"위(C16)","여자","5-9세",-,-
"위(C16)","여자","10-14세",1,0.1
"위(C16)","여자","15-19세",-,-
"위(C16)","여자","20-24세",12,0.8
"위(C16)","여자","25-29세",26,1.6
"위(C16)","여자","30-34세",74,4.9
"위(C16)","여자","35-39세",263,13.5
"위(C16)","여자","40-44세",447,23.6
"위(C16)","여자","45-49세",577,26.2
"위(C16)","여자","50-54세",826,39.1
"위(C16)","여자","55-59세",988,46.5
"위(C16)","여자","60-64세",1214,66.6
"위(C16)","여자","65-69세",1049,82.9
"위(C16)","여자","70-74세",1121,110.1
"위(C16)","여자","75-79세",1286,138.7
"위(C16)","여자","80-84세",1062,158.7
"위(C16)","여자","85세이상",786,150.4
"위(C16)","여자","연령미상",-,-
"대장(C18-C20)","계","계",29030,56.5
"대장(C18-C20)","계","0-4세",-,-
"대장(C18-C20)","계","5-9세",-,-
"대장(C18-C20)","계","10-14세",1,-
"대장(C18-C20)","계","15-19세",9,0.3
"대장(C18-C20)","계","20-24세",40,1.2
"대장(C18-C20)","계","25-29세",103,3.0
"대장(C18-C20)","계","30-34세",216,6.9
"대장(C18-C20)","계","35-39세",497,12.5
"대장(C18-C20)","계","40-44세",809,21.0
"대장(C18-C20)","계","45-49세",1485,33.2
"대장(C18-C20)","계","50-54세",2404,56.4
"대장(C18-C20)","계","55-59세",3462,81.3
"대장(C18-C20)","계","60-64세",4160,115.5
"대장(C18-C20)","계","65-69세",3478,142.3
"대장(C18-C20)","계","70-74세",3592,188.8
"대장(C18-C20)","계","75-79세",3749,233.8
"대장(C18-C20)","계","80-84세",2963,280.5
"대장(C18-C20)","계","85세이상",2061,289.0
"대장(C18-C20)","계","연령미상",1,-
"대장(C18-C20)","남자","계",17119,66.8
"대장(C18-C20)","남자","0-4세",-,-
"대장(C18-C20)","남자","5-9세",-,-
"대장(C18-C20)","남자","10-14세",-,-
"대장(C18-C20)","남자","15-19세",9,0.6
"대장(C18-C20)","남자","20-24세",22,1.3
"대장(C18-C20)","남자","25-29세",58,3.2
"대장(C18-C20)","남자","30-34세",135,8.3
"대장(C18-C20)","남자","35-39세",269,13.3
"대장(C18-C20)","남자","40-44세",441,22.5
"대장(C18-C20)","남자","45-49세",828,36.4
"대장(C18-C20)","남자","50-54세",1444,67.3
"대장(C18-C20)","남자","55-59세",2318,108.5
"대장(C18-C20)","남자","60-64세",2780,156.3
"대장(C18-C20)","남자","65-69세",2344,199.0
"대장(C18-C20)","남자","70-74세",2215,250.6
"대장(C18-C20)","남자","75-79세",2081,307.9
"대장(C18-C20)","남자","80-84세",1450,374.9
"대장(C18-C20)","남자","85세이상",724,380.1
"대장(C18-C20)","남자","연령미상",1,-
"대장(C18-C20)","여자","계",11911,46.3
"대장(C18-C20)","여자","0-4세",-,-
"대장(C18-C20)","여자","5-9세",-,-
"대장(C18-C20)","여자","10-14세",1,0.1
"대장(C18-C20)","여자","15-19세",-,-
"대장(C18-C20)","여자","20-24세",18,1.1
"대장(C18-C20)","여자","25-29세",45,2.8
"대장(C18-C20)","여자","30-34세",81,5.3
"대장(C18-C20)","여자","35-39세",228,11.7
"대장(C18-C20)","여자","40-44세",368,19.4
"대장(C18-C20)","여자","45-49세",657,29.8
"대장(C18-C20)","여자","50-54세",960,45.5
"대장(C18-C20)","여자","55-59세",1144,53.9
"대장(C18-C20)","여자","60-64세",1380,75.7
"대장(C18-C20)","여자","65-69세",1134,89.6
"대장(C18-C20)","여자","70-74세",1377,135.2
"대장(C18-C20)","여자","75-79세",1668,179.9
"대장(C18-C20)","여자","80-84세",1513,226.0
"대장(C18-C20)","여자","85세이상",1337,255.8
"대장(C18-C20)","여자","연령미상",-,-
"간(C22)","계","계",15605,30.4
"간(C22)","계","0-4세",18,0.9
"간(C22)","계","5-9세",2,0.1
"간(C22)","계","10-14세",-,-
"간(C22)","계","15-19세",4,0.1
"간(C22)","계","20-24세",3,0.1
"간(C22)","계","25-29세",15,0.4
"간(C22)","계","30-34세",41,1.3
"간(C22)","계","35-39세",199,5.0
"간(C22)","계","40-44세",369,9.6
"간(C22)","계","45-49세",799,17.8
"간(C22)","계","50-54세",1517,35.6
"간(C22)","계","55-59세",2100,49.3
"간(C22)","계","60-64세",2437,67.7
"간(C22)","계","65-69세",1961,80.2
"간(C22)","계","70-74세",2032,106.8
"간(C22)","계","75-79세",1963,122.4
"간(C22)","계","80-84세",1332,126.1
"간(C22)","계","85세이상",813,114.0
"간(C22)","계","연령미상",-,-
"간(C22)","남자","계",11541,45.1
"간(C22)","남자","0-4세",10,1.0
"간(C22)","남자","5-9세",1,0.1
"간(C22)","남자","10-14세",-,-
"간(C22)","남자","15-19세",3,0.2
"간(C22)","남자","20-24세",3,0.2
"간(C22)","남자","25-29세",7,0.4
"간(C22)","남자","30-34세",23,1.4
"간(C22)","남자","35-39세",148,7.3
"간(C22)","남자","40-44세",287,14.6
"간(C22)","남자","45-49세",674,29.6
"간(C22)","남자","50-54세",1284,59.8
"간(C22)","남자","55-59세",1746,81.7
"간(C22)","남자","60-64세",1950,109.7
"간(C22)","남자","65-69세",1480,125.6
"간(C22)","남자","70-74세",1434,162.3
"간(C22)","남자","75-79세",1290,190.9
"간(C22)","남자","80-84세",806,208.4
"간(C22)","남자","85세이상",395,207.4
"간(C22)","남자","연령미상",-,-
"간(C22)","여자","계",4064,15.8
"간(C22)","여자","0-4세",8,0.9
"간(C22)","여자","5-9세",1,0.1
"간(C22)","여자","10-14세",-,-
"간(C22)","여자","15-19세",1,0.1
"간(C22)","여자","20-24세",-,-
"간(C22)","여자","25-29세",8,0.5
"간(C22)","여자","30-34세",18,1.2
"간(C22)","여자","35-39세",51,2.6
"간(C22)","여자","40-44세",82,4.3
"간(C22)","여자","45-49세",125,5.7
"간(C22)","여자","50-54세",233,11.0
"간(C22)","여자","55-59세",354,16.7
"간(C22)","여자","60-64세",487,26.7
"간(C22)","여자","65-69세",481,38.0
"간(C22)","여자","70-74세",598,58.7
"간(C22)","여자","75-79세",673,72.6
"간(C22)","여자","80-84세",526,78.6
"간(C22)","여자","85세이상",418,80.0
"간(C22)","여자","연령미상",-,-
"담낭 및 기타 담도(C23-C24)","계","계",7383,14.4
"담낭 및 기타 담도(C23-C24)","계","0-4세",-,-
"담낭 및 기타 담도(C23-C24)","계","5-9세",-,-
"담낭 및 기타 담도(C23-C24)","계","10-14세",-,-
"담낭 및 기타 담도(C23-C24)","계","15-19세",-,-
"담낭 및 기타 담도(C23-C24)","계","20-24세",1,-
"담낭 및 기타 담도(C23-C24)","계","25-29세",1,-
"담낭 및 기타 담도(C23-C24)","계","30-34세",7,0.2
"담낭 및 기타 담도(C23-C24)","계","35-39세",30,0.8
"담낭 및 기타 담도(C23-C24)","계","40-44세",54,1.4
"담낭 및 기타 담도(C23-C24)","계","45-49세",140,3.1
"담낭 및 기타 담도(C23-C24)","계","50-54세",257,6.0
"담낭 및 기타 담도(C23-C24)","계","55-59세",488,11.5
"담낭 및 기타 담도(C23-C24)","계","60-64세",778,21.6
"담낭 및 기타 담도(C23-C24)","계","65-69세",1008,41.2
"담낭 및 기타 담도(C23-C24)","계","70-74세",1185,62.3
"담낭 및 기타 담도(C23-C24)","계","75-79세",1378,86.0
"담낭 및 기타 담도(C23-C24)","계","80-84세",1149,108.8
"담낭 및 기타 담도(C23-C24)","계","85세이상",907,127.2
"담낭 및 기타 담도(C23-C24)","계","연령미상",-,-
"담낭 및 기타 담도(C23-C24)","남자","계",3896,15.2
"담낭 및 기타 담도(C23-C24)","남자","0-4세",-,-
"담낭 및 기타 담도(C23-C24)","남자","5-9세",-,-
"담낭 및 기타 담도(C23-C24)","남자","10-14세",-,-
"담낭 및 기타 담도(C23-C24)","남자","15-19세",-,-
"담낭 및 기타 담도(C23-C24)","남자","20-24세",-,-
"담낭 및 기타 담도(C23-C24)","남자","25-29세",-,-
"담낭 및 기타 담도(C23-C24)","남자","30-34세",3,0.2
"담낭 및 기타 담도(C23-C24)","남자","35-39세",16,0.8
"담낭 및 기타 담도(C23-C24)","남자","40-44세",27,1.4
"담낭 및 기타 담도(C23-C24)","남자","45-49세",76,3.3
"담낭 및 기타 담도(C23-C24)","남자","50-54세",165,7.7
"담낭 및 기타 담도(C23-C24)","남자","55-59세",286,13.4
"담낭 및 기타 담도(C23-C24)","남자","60-64세",476,26.8
"담낭 및 기타 담도(C23-C24)","남자","65-69세",609,51.7
"담낭 및 기타 담도(C23-C24)","남자","70-74세",676,76.5
"담낭 및 기타 담도(C23-C24)","남자","75-79세",736,108.9
"담낭 및 기타 담도(C23-C24)","남자","80-84세",528,136.5
"담낭 및 기타 담도(C23-C24)","남자","85세이상",298,156.5
"담낭 및 기타 담도(C23-C24)","남자","연령미상",-,-
"담낭 및 기타 담도(C23-C24)","여자","계",3487,13.6
"담낭 및 기타 담도(C23-C24)","여자","0-4세",-,-
"담낭 및 기타 담도(C23-C24)","여자","5-9세",-,-
"담낭 및 기타 담도(C23-C24)","여자","10-14세",-,-
"담낭 및 기타 담도(C23-C24)","여자","15-19세",-,-
"담낭 및 기타 담도(C23-C24)","여자","20-24세",1,0.1
"담낭 및 기타 담도(C23-C24)","여자","25-29세",1,0.1
"담낭 및 기타 담도(C23-C24)","여자","30-34세",4,0.3
"담낭 및 기타 담도(C23-C24)","여자","35-39세",14,0.7
"담낭 및 기타 담도(C23-C24)","여자","40-44세",27,1.4
"담낭 및 기타 담도(C23-C24)","여자","45-49세",64,2.9
"담낭 및 기타 담도(C23-C24)","여자","50-54세",92,4.4
"담낭 및 기타 담도(C23-C24)","여자","55-59세",202,9.5
"담낭 및 기타 담도(C23-C24)","여자","60-64세",302,16.6
"담낭 및 기타 담도(C23-C24)","여자","65-69세",399,31.5
"담낭 및 기타 담도(C23-C24)","여자","70-74세",509,50.0
"담낭 및 기타 담도(C23-C24)","여자","75-79세",642,69.2
"담낭 및 기타 담도(C23-C24)","여자","80-84세",621,92.8
"담낭 및 기타 담도(C23-C24)","여자","85세이상",609,116.5
"담낭 및 기타 담도(C23-C24)","여자","연령미상",-,-
"췌장(C25)","계","계",8099,15.8
"췌장(C25)","계","0-4세",1,0.1
"췌장(C25)","계","5-9세",1,-
"췌장(C25)","계","10-14세",5,0.2
"췌장(C25)","계","15-19세",12,0.4
"췌장(C25)","계","20-24세",13,0.4
"췌장(C25)","계","25-29세",24,0.7
"췌장(C25)","계","30-34세",33,1.0
"췌장(C25)","계","35-39세",73,1.8
"췌장(C25)","계","40-44세",117,3.0
"췌장(C25)","계","45-49세",239,5.3
"췌장(C25)","계","50-54세",431,10.1
"췌장(C25)","계","55-59세",805,18.9
"췌장(C25)","계","60-64세",1031,28.6
"췌장(C25)","계","65-69세",1107,45.3
"췌장(C25)","계","70-74세",1172,61.6
"췌장(C25)","계","75-79세",1308,81.6
"췌장(C25)","계","80-84세",1007,95.3
"췌장(C25)","계","85세이상",720,101.0
"췌장(C25)","계","연령미상",-,-
"췌장(C25)","남자","계",4150,16.2
"췌장(C25)","남자","0-4세",1,0.1
"췌장(C25)","남자","5-9세",-,-
"췌장(C25)","남자","10-14세",3,0.3
"췌장(C25)","남자","15-19세",2,0.1
"췌장(C25)","남자","20-24세",-,-
"췌장(C25)","남자","25-29세",9,0.5
"췌장(C25)","남자","30-34세",14,0.9
"췌장(C25)","남자","35-39세",41,2.0
"췌장(C25)","남자","40-44세",65,3.3
"췌장(C25)","남자","45-49세",150,6.6
"췌장(C25)","남자","50-54세",263,12.2
"췌장(C25)","남자","55-59세",483,22.6
"췌장(C25)","남자","60-64세",597,33.6
"췌장(C25)","남자","65-69세",630,53.5
"췌장(C25)","남자","70-74세",632,71.5
"췌장(C25)","남자","75-79세",621,91.9
"췌장(C25)","남자","80-84세",409,105.7
"췌장(C25)","남자","85세이상",230,120.8
"췌장(C25)","남자","연령미상",-,-
"췌장(C25)","여자","계",3949,15.3
"췌장(C25)","여자","0-4세",-,-
"췌장(C25)","여자","5-9세",1,0.1
"췌장(C25)","여자","10-14세",2,0.2
"췌장(C25)","여자","15-19세",10,0.8
"췌장(C25)","여자","20-24세",13,0.8
"췌장(C25)","여자","25-29세",15,0.9
"췌장(C25)","여자","30-34세",19,1.2
"췌장(C25)","여자","35-39세",32,1.6
"췌장(C25)","여자","40-44세",52,2.7
"췌장(C25)","여자","45-49세",89,4.0
"췌장(C25)","여자","50-54세",168,8.0
"췌장(C25)","여자","55-59세",322,15.2
"췌장(C25)","여자","60-64세",434,23.8
"췌장(C25)","여자","65-69세",477,37.7
"췌장(C25)","여자","70-74세",540,53.0
"췌장(C25)","여자","75-79세",687,74.1
"췌장(C25)","여자","80-84세",598,89.3
"췌장(C25)","여자","85세이상",490,93.7
"췌장(C25)","여자","연령미상",-,-
"후두(C32)","계","계",1222,2.4
"후두(C32)","계","0-4세",1,0.1
"후두(C32)","계","5-9세",-,-
"후두(C32)","계","10-14세",-,-
"후두(C32)","계","15-19세",-,-
"후두(C32)","계","20-24세",1,-
"후두(C32)","계","25-29세",1,-
"후두(C32)","계","30-34세",1,-
"후두(C32)","계","35-39세",4,0.1
"후두(C32)","계","40-44세",6,0.2
"후두(C32)","계","45-49세",21,0.5
"후두(C32)","계","50-54세",60,1.4
"후두(C32)","계","55-59세",166,3.9
"후두(C32)","계","60-64세",250,6.9
"후두(C32)","계","65-69세",199,8.1
"후두(C32)","계","70-74세",172,9.0
"후두(C32)","계","75-79세",176,11.0
"후두(C32)","계","80-84세",110,10.4
"후두(C32)","계","85세이상",54,7.6
"후두(C32)","계","연령미상",-,-
"후두(C32)","남자","계",1154,4.5
"후두(C32)","남자","0-4세",1,0.1
"후두(C32)","남자","5-9세",-,-
"후두(C32)","남자","10-14세",-,-
"후두(C32)","남자","15-19세",-,-
"후두(C32)","남자","20-24세",-,-
"후두(C32)","남자","25-29세",1,0.1
"후두(C32)","남자","30-34세",-,-
"후두(C32)","남자","35-39세",2,0.1
"후두(C32)","남자","40-44세",5,0.3
"후두(C32)","남자","45-49세",20,0.9
"후두(C32)","남자","50-54세",57,2.7
"후두(C32)","남자","55-59세",158,7.4
"후두(C32)","남자","60-64세",239,13.4
"후두(C32)","남자","65-69세",193,16.4
"후두(C32)","남자","70-74세",168,19.0
"후두(C32)","남자","75-79세",162,24.0
"후두(C32)","남자","80-84세",102,26.4
"후두(C32)","남자","85세이상",46,24.2
"후두(C32)","남자","연령미상",-,-
"후두(C32)","여자","계",68,0.3
"후두(C32)","여자","0-4세",-,-
"후두(C32)","여자","5-9세",-,-
"후두(C32)","여자","10-14세",-,-
"후두(C32)","여자","15-19세",-,-
"후두(C32)","여자","20-24세",1,0.1
"후두(C32)","여자","25-29세",-,-
"후두(C32)","여자","30-34세",1,0.1
"후두(C32)","여자","35-39세",2,0.1
"후두(C32)","여자","40-44세",1,0.1
"후두(C32)","여자","45-49세",1,-
"후두(C32)","여자","50-54세",3,0.1
"후두(C32)","여자","55-59세",8,0.4
"후두(C32)","여자","60-64세",11,0.6
"후두(C32)","여자","65-69세",6,0.5
"후두(C32)","여자","70-74세",4,0.4
"후두(C32)","여자","75-79세",14,1.5
"후두(C32)","여자","80-84세",8,1.2
"후두(C32)","여자","85세이상",8,1.5
"후두(C32)","여자","연령미상",-,-
"폐(C33-C34)","계","계",29960,58.4
"폐(C33-C34)","계","0-4세",-,-
"폐(C33-C34)","계","5-9세",-,-
"폐(C33-C34)","계","10-14세",-,-
"폐(C33-C34)","계","15-19세",6,0.2
"폐(C33-C34)","계","20-24세",14,0.4
"폐(C33-C34)","계","25-29세",30,0.9
"폐(C33-C34)","계","30-34세",57,1.8
"폐(C33-C34)","계","35-39세",157,4.0
"폐(C33-C34)","계","40-44세",318,8.2
"폐(C33-C34)","계","45-49세",690,15.4
"폐(C33-C34)","계","50-54세",1310,30.8
"폐(C33-C34)","계","55-59세",2534,59.5
"폐(C33-C34)","계","60-64세",4030,111.9
"폐(C33-C34)","계","65-69세",4470,182.9
"폐(C33-C34)","계","70-74세",5035,264.7
"폐(C33-C34)","계","75-79세",5299,330.5
"폐(C33-C34)","계","80-84세",3762,356.2
"폐(C33-C34)","계","85세이상",2248,315.2
"폐(C33-C34)","계","연령미상",-,-
"폐(C33-C34)","남자","계",20331,79.4
"폐(C33-C34)","남자","0-4세",-,-
"폐(C33-C34)","남자","5-9세",-,-
"폐(C33-C34)","남자","10-14세",-,-
"폐(C33-C34)","남자","15-19세",3,0.2
"폐(C33-C34)","남자","20-24세",8,0.5
"폐(C33-C34)","남자","25-29세",8,0.4
"폐(C33-C34)","남자","30-34세",24,1.5
"폐(C33-C34)","남자","35-39세",81,4.0
"폐(C33-C34)","남자","40-44세",162,8.3
"폐(C33-C34)","남자","45-49세",334,14.7
"폐(C33-C34)","남자","50-54세",724,33.7
"폐(C33-C34)","남자","55-59세",1573,73.6
"폐(C33-C34)","남자","60-64세",2674,150.4
"폐(C33-C34)","남자","65-69세",3235,274.6
"폐(C33-C34)","남자","70-74세",3771,426.7
"폐(C33-C34)","남자","75-79세",3846,569.1
"폐(C33-C34)","남자","80-84세",2596,671.2
"폐(C33-C34)","남자","85세이상",1292,678.4
"폐(C33-C34)","남자","연령미상",-,-
"폐(C33-C34)","여자","계",9629,37.4
"폐(C33-C34)","여자","0-4세",-,-
"폐(C33-C34)","여자","5-9세",-,-
"폐(C33-C34)","여자","10-14세",-,-
"폐(C33-C34)","여자","15-19세",3,0.2
"폐(C33-C34)","여자","20-24세",6,0.4
"폐(C33-C34)","여자","25-29세",22,1.4
"폐(C33-C34)","여자","30-34세",33,2.2
"폐(C33-C34)","여자","35-39세",76,3.9
"폐(C33-C34)","여자","40-44세",156,8.2
"폐(C33-C34)","여자","45-49세",356,16.1
"폐(C33-C34)","여자","50-54세",586,27.7
"폐(C33-C34)","여자","55-59세",961,45.3
"폐(C33-C34)","여자","60-64세",1356,74.4
"폐(C33-C34)","여자","65-69세",1235,97.6
"폐(C33-C34)","여자","70-74세",1264,124.1
"폐(C33-C34)","여자","75-79세",1453,156.7
"폐(C33-C34)","여자","80-84세",1166,174.2
"폐(C33-C34)","여자","85세이상",956,182.9
"폐(C33-C34)","여자","연령미상",-,-
"유방(C50)","계","계",24933,48.6
"유방(C50)","계","0-4세",-,-
"유방(C50)","계","5-9세",-,-
"유방(C50)","계","10-14세",1,-
"유방(C50)","계","15-19세",3,0.1
"유방(C50)","계","20-24세",30,0.9
"유방(C50)","계","25-29세",170,5.0
"유방(C50)","계","30-34세",523,16.6
"유방(C50)","계","35-39세",1544,39.0
"유방(C50)","계","40-44세",3025,78.4
"유방(C50)","계","45-49세",4700,104.9
"유방(C50)","계","50-54세",3960,93.0
"유방(C50)","계","55-59세",3516,82.5
"유방(C50)","계","60-64세",3026,84.0
"유방(C50)","계","65-69세",1669,68.3
"유방(C50)","계","70-74세",1259,66.2
"유방(C50)","계","75-79세",841,52.5
"유방(C50)","계","80-84세",432,40.9
"유방(C50)","계","85세이상",234,32.8
"유방(C50)","계","연령미상",-,-
"유방(C50)","남자","계",113,0.4
"유방(C50)","남자","0-4세",-,-
"유방(C50)","남자","5-9세",-,-
"유방(C50)","남자","10-14세",-,-
"유방(C50)","남자","15-19세",-,-
"유방(C50)","남자","20-24세",-,-
"유방(C50)","남자","25-29세",-,-
"유방(C50)","남자","30-34세",-,-
"유방(C50)","남자","35-39세",1,-
"유방(C50)","남자","40-44세",5,0.3
"유방(C50)","남자","45-49세",6,0.3
"유방(C50)","남자","50-54세",16,0.7
"유방(C50)","남자","55-59세",11,0.5
"유방(C50)","남자","60-64세",13,0.7
"유방(C50)","남자","65-69세",18,1.5
"유방(C50)","남자","70-74세",19,2.1
"유방(C50)","남자","75-79세",10,1.5
"유방(C50)","남자","80-84세",5,1.3
"유방(C50)","남자","85세이상",9,4.7
"유방(C50)","남자","연령미상",-,-
"유방(C50)","여자","계",24820,96.5
"유방(C50)","여자","0-4세",-,-
"유방(C50)","여자","5-9세",-,-
"유방(C50)","여자","10-14세",1,0.1
"유방(C50)","여자","15-19세",3,0.2
"유방(C50)","여자","20-24세",30,1.9
"유방(C50)","여자","25-29세",170,10.5
"유방(C50)","여자","30-34세",523,34.3
"유방(C50)","여자","35-39세",1543,79.5
"유방(C50)","여자","40-44세",3020,159.2
"유방(C50)","여자","45-49세",4694,212.9
"유방(C50)","여자","50-54세",3944,186.8
"유방(C50)","여자","55-59세",3505,165.1
"유방(C50)","여자","60-64세",3013,165.2
"유방(C50)","여자","65-69세",1651,130.4
"유방(C50)","여자","70-74세",1240,121.7
"유방(C50)","여자","75-79세",831,89.6
"유방(C50)","여자","80-84세",427,63.8
"유방(C50)","여자","85세이상",225,43.0
"유방(C50)","여자","연령미상",-,-
"자궁경부(C53)","계","계",3273,6.4
"자궁경부(C53)","계","0-4세",-,-
"자궁경부(C53)","계","5-9세",-,-
"자궁경부(C53)","계","10-14세",-,-
"자궁경부(C53)","계","15-19세",2,0.1
"자궁경부(C53)","계","20-24세",10,0.3
"자궁경부(C53)","계","25-29세",68,2.0
"자궁경부(C53)","계","30-34세",184,5.8
"자궁경부(C53)","계","35-39세",330,8.3
"자궁경부(C53)","계","40-44세",332,8.6
"자궁경부(C53)","계","45-49세",447,10.0
"자궁경부(C53)","계","50-54세",428,10.0
"자궁경부(C53)","계","55-59세",372,8.7
"자궁경부(C53)","계","60-64세",313,8.7
"자궁경부(C53)","계","65-69세",173,7.1
"자궁경부(C53)","계","70-74세",198,10.4
"자궁경부(C53)","계","75-79세",176,11.0
"자궁경부(C53)","계","80-84세",144,13.6
"자궁경부(C53)","계","85세이상",95,13.3
"자궁경부(C53)","계","연령미상",1,-
"자궁경부(C53)","남자","계",-,-
"자궁경부(C53)","남자","0-4세",-,-
"자궁경부(C53)","남자","5-9세",-,-
"자궁경부(C53)","남자","10-14세",-,-
"자궁경부(C53)","남자","15-19세",-,-
"자궁경부(C53)","남자","20-24세",-,-
"자궁경부(C53)","남자","25-29세",-,-
"자궁경부(C53)","남자","30-34세",-,-
"자궁경부(C53)","남자","35-39세",-,-
"자궁경부(C53)","남자","40-44세",-,-
"자궁경부(C53)","남자","45-49세",-,-
"자궁경부(C53)","남자","50-54세",-,-
"자궁경부(C53)","남자","55-59세",-,-
"자궁경부(C53)","남자","60-64세",-,-
"자궁경부(C53)","남자","65-69세",-,-
"자궁경부(C53)","남자","70-74세",-,-
"자궁경부(C53)","남자","75-79세",-,-
"자궁경부(C53)","남자","80-84세",-,-
"자궁경부(C53)","남자","85세이상",-,-
"자궁경부(C53)","남자","연령미상",-,-
"자궁경부(C53)","여자","계",3273,12.7
"자궁경부(C53)","여자","0-4세",-,-
"자궁경부(C53)","여자","5-9세",-,-
"자궁경부(C53)","여자","10-14세",-,-
"자궁경부(C53)","여자","15-19세",2,0.2
"자궁경부(C53)","여자","20-24세",10,0.6
"자궁경부(C53)","여자","25-29세",68,4.2
"자궁경부(C53)","여자","30-34세",184,12.1
"자궁경부(C53)","여자","35-39세",330,17.0
"자궁경부(C53)","여자","40-44세",332,17.5
"자궁경부(C53)","여자","45-49세",447,20.3
"자궁경부(C53)","여자","50-54세",428,20.3
"자궁경부(C53)","여자","55-59세",372,17.5
"자궁경부(C53)","여자","60-64세",313,17.2
"자궁경부(C53)","여자","65-69세",173,13.7
"자궁경부(C53)","여자","70-74세",198,19.4
"자궁경부(C53)","여자","75-79세",176,19.0
"자궁경부(C53)","여자","80-84세",144,21.5
"자궁경부(C53)","여자","85세이상",95,18.2
"자궁경부(C53)","여자","연령미상",1,-
"자궁체부(C54)","계","계",3287,6.4
"자궁체부(C54)","계","0-4세",-,-
"자궁체부(C54)","계","5-9세",-,-
"자궁체부(C54)","계","10-14세",-,-
"자궁체부(C54)","계","15-19세",4,0.1
"자궁체부(C54)","계","20-24세",22,0.7
"자궁체부(C54)","계","25-29세",52,1.5
"자궁체부(C54)","계","30-34세",103,3.3
"자궁체부(C54)","계","35-39세",163,4.1
"자궁체부(C54)","계","40-44세",245,6.4
"자궁체부(C54)","계","45-49세",411,9.2
"자궁체부(C54)","계","50-54세",591,13.9
"자궁체부(C54)","계","55-59세",601,14.1
"자궁체부(C54)","계","60-64세",473,13.1
"자궁체부(C54)","계","65-69세",267,10.9
"자궁체부(C54)","계","70-74세",181,9.5
"자궁체부(C54)","계","75-79세",91,5.7
"자궁체부(C54)","계","80-84세",48,4.5
"자궁체부(C54)","계","85세이상",35,4.9
"자궁체부(C54)","계","연령미상",-,-
"자궁체부(C54)","남자","계",-,-
"자궁체부(C54)","남자","0-4세",-,-
"자궁체부(C54)","남자","5-9세",-,-
"자궁체부(C54)","남자","10-14세",-,-
"자궁체부(C54)","남자","15-19세",-,-
"자궁체부(C54)","남자","20-24세",-,-
"자궁체부(C54)","남자","25-29세",-,-
"자궁체부(C54)","남자","30-34세",-,-
"자궁체부(C54)","남자","35-39세",-,-
"자궁체부(C54)","남자","40-44세",-,-
"자궁체부(C54)","남자","45-49세",-,-
"자궁체부(C54)","남자","50-54세",-,-
"자궁체부(C54)","남자","55-59세",-,-
"자궁체부(C54)","남자","60-64세",-,-
"자궁체부(C54)","남자","65-69세",-,-
"자궁체부(C54)","남자","70-74세",-,-
"자궁체부(C54)","남자","75-79세",-,-
"자궁체부(C54)","남자","80-84세",-,-
"자궁체부(C54)","남자","85세이상",-,-
"자궁체부(C54)","남자","연령미상",-,-
"자궁체부(C54)","여자","계",3287,12.8
"자궁체부(C54)","여자","0-4세",-,-
"자궁체부(C54)","여자","5-9세",-,-
"자궁체부(C54)","여자","10-14세",-,-
"자궁체부(C54)","여자","15-19세",4,0.3
"자궁체부(C54)","여자","20-24세",22,1.4
"자궁체부(C54)","여자","25-29세",52,3.2
"자궁체부(C54)","여자","30-34세",103,6.8
"자궁체부(C54)","여자","35-39세",163,8.4
"자궁체부(C54)","여자","40-44세",245,12.9
"자궁체부(C54)","여자","45-49세",411,18.6
"자궁체부(C54)","여자","50-54세",591,28.0
"자궁체부(C54)","여자","55-59세",601,28.3
"자궁체부(C54)","여자","60-64세",473,25.9
"자궁체부(C54)","여자","65-69세",267,21.1
"자궁체부(C54)","여자","70-74세",181,17.8
"자궁체부(C54)","여자","75-79세",91,9.8
"자궁체부(C54)","여자","80-84세",48,7.2
"자궁체부(C54)","여자","85세이상",35,6.7
"자궁체부(C54)","여자","연령미상",-,-
"난소(C56)","계","계",2888,5.6
"난소(C56)","계","0-4세",1,0.1
"난소(C56)","계","5-9세",4,0.2
"난소(C56)","계","10-14세",8,0.3
"난소(C56)","계","15-19세",36,1.3
"난소(C56)","계","20-24세",48,1.4
"난소(C56)","계","25-29세",71,2.1
"난소(C56)","계","30-34세",57,1.8
"난소(C56)","계","35-39세",128,3.2
"난소(C56)","계","40-44세",198,5.1
"난소(C56)","계","45-49세",352,7.9
"난소(C56)","계","50-54세",426,10.0
"난소(C56)","계","55-59세",416,9.8
"난소(C56)","계","60-64세",338,9.4
"난소(C56)","계","65-69세",228,9.3
"난소(C56)","계","70-74세",205,10.8
"난소(C56)","계","75-79세",170,10.6
"난소(C56)","계","80-84세",123,11.6
"난소(C56)","계","85세이상",79,11.1
"난소(C56)","계","연령미상",-,-
"난소(C56)","남자","계",-,-
"난소(C56)","남자","0-4세",-,-
"난소(C56)","남자","5-9세",-,-
"난소(C56)","남자","10-14세",-,-
"난소(C56)","남자","15-19세",-,-
"난소(C56)","남자","20-24세",-,-
"난소(C56)","남자","25-29세",-,-
"난소(C56)","남자","30-34세",-,-
"난소(C56)","남자","35-39세",-,-
"난소(C56)","남자","40-44세",-,-
"난소(C56)","남자","45-49세",-,-
"난소(C56)","남자","50-54세",-,-
"난소(C56)","남자","55-59세",-,-
"난소(C56)","남자","60-64세",-,-
"난소(C56)","남자","65-69세",-,-
"난소(C56)","남자","70-74세",-,-
"난소(C56)","남자","75-79세",-,-
"난소(C56)","남자","80-84세",-,-
"난소(C56)","남자","85세이상",-,-
"난소(C56)","남자","연령미상",-,-
"난소(C56)","여자","계",2888,11.2
"난소(C56)","여자","0-4세",1,0.1
"난소(C56)","여자","5-9세",4,0.4
"난소(C56)","여자","10-14세",8,0.7
"난소(C56)","여자","15-19세",36,2.8
"난소(C56)","여자","20-24세",48,3.0
"난소(C56)","여자","25-29세",71,4.4
"난소(C56)","여자","30-34세",57,3.7
"난소(C56)","여자","35-39세",128,6.6
"난소(C56)","여자","40-44세",198,10.4
"난소(C56)","여자","45-49세",352,16.0
"난소(C56)","여자","50-54세",426,20.2
"난소(C56)","여자","55-59세",416,19.6
"난소(C56)","여자","60-64세",338,18.5
"난소(C56)","여자","65-69세",228,18.0
"난소(C56)","여자","70-74세",205,20.1
"난소(C56)","여자","75-79세",170,18.3
"난소(C56)","여자","80-84세",123,18.4
"난소(C56)","여자","85세이상",79,15.1
"난소(C56)","여자","연령미상",-,-
"전립선(C61)","계","계",16803,32.7
"전립선(C61)","계","0-4세",-,-
"전립선(C61)","계","5-9세",-,-
"전립선(C61)","계","10-14세",-,-
"전립선(C61)","계","15-19세",-,-
"전립선(C61)","계","20-24세",-,-
"전립선(C61)","계","25-29세",1,-
"전립선(C61)","계","30-34세",-,-
"전립선(C61)","계","35-39세",11,0.3
"전립선(C61)","계","40-44세",13,0.3
"전립선(C61)","계","45-49세",84,1.9
"전립선(C61)","계","50-54세",322,7.6
"전립선(C61)","계","55-59세",1049,24.6
"전립선(C61)","계","60-64세",2358,65.5
"전립선(C61)","계","65-69세",3144,128.6
"전립선(C61)","계","70-74세",3797,199.6
"전립선(C61)","계","75-79세",3403,212.3
"전립선(C61)","계","80-84세",1870,177.1
"전립선(C61)","계","85세이상",751,105.3
"전립선(C61)","계","연령미상",-,-
"전립선(C61)","남자","계",16803,65.6
"전립선(C61)","남자","0-4세",-,-
"전립선(C61)","남자","5-9세",-,-
"전립선(C61)","남자","10-14세",-,-
"전립선(C61)","남자","15-19세",-,-
"전립선(C61)","남자","20-24세",-,-
"전립선(C61)","남자","25-29세",1,0.1
"전립선(C61)","남자","30-34세",-,-
"전립선(C61)","남자","35-39세",11,0.5
"전립선(C61)","남자","40-44세",13,0.7
"전립선(C61)","남자","45-49세",84,3.7
"전립선(C61)","남자","50-54세",322,15.0
"전립선(C61)","남자","55-59세",1049,49.1
"전립선(C61)","남자","60-64세",2358,132.6
"전립선(C61)","남자","65-69세",3144,266.9
"전립선(C61)","남자","70-74세",3797,429.6
"전립선(C61)","남자","75-79세",3403,503.5
"전립선(C61)","남자","80-84세",1870,483.5
"전립선(C61)","남자","85세이상",751,394.3
"전립선(C61)","남자","연령미상",-,-
"전립선(C61)","여자","계",-,-
"전립선(C61)","여자","0-4세",-,-
"전립선(C61)","여자","5-9세",-,-
"전립선(C61)","여자","10-14세",-,-
"전립선(C61)","여자","15-19세",-,-
"전립선(C61)","여자","20-24세",-,-
"전립선(C61)","여자","25-29세",-,-
"전립선(C61)","여자","30-34세",-,-
"전립선(C61)","여자","35-39세",-,-
"전립선(C61)","여자","40-44세",-,-
"전립선(C61)","여자","45-49세",-,-
"전립선(C61)","여자","50-54세",-,-
"전립선(C61)","여자","55-59세",-,-
"전립선(C61)","여자","60-64세",-,-
"전립선(C61)","여자","65-69세",-,-
"전립선(C61)","여자","70-74세",-,-
"전립선(C61)","여자","75-79세",-,-
"전립선(C61)","여자","80-84세",-,-
"전립선(C61)","여자","85세이상",-,-
"전립선(C61)","여자","연령미상",-,-
"고환(C62)","계","계",325,0.6
"고환(C62)","계","0-4세",9,0.5
"고환(C62)","계","5-9세",-,-
"고환(C62)","계","10-14세",-,-
"고환(C62)","계","15-19세",9,0.3
"고환(C62)","계","20-24세",40,1.2
"고환(C62)","계","25-29세",68,2.0
"고환(C62)","계","30-34세",54,1.7
"고환(C62)","계","35-39세",55,1.4
"고환(C62)","계","40-44세",29,0.8
"고환(C62)","계","45-49세",18,0.4
"고환(C62)","계","50-54세",12,0.3
"고환(C62)","계","55-59세",8,0.2
"고환(C62)","계","60-64세",11,0.3
"고환(C62)","계","65-69세",2,0.1
"고환(C62)","계","70-74세",2,0.1
"고환(C62)","계","75-79세",5,0.3
"고환(C62)","계","80-84세",2,0.2
"고환(C62)","계","85세이상",1,0.1
"고환(C62)","계","연령미상",-,-
"고환(C62)","남자","계",325,1.3
"고환(C62)","남자","0-4세",9,0.9
"고환(C62)","남자","5-9세",-,-
"고환(C62)","남자","10-14세",-,-
"고환(C62)","남자","15-19세",9,0.6
"고환(C62)","남자","20-24세",40,2.3
"고환(C62)","남자","25-29세",68,3.8
"고환(C62)","남자","30-34세",54,3.3
"고환(C62)","남자","35-39세",55,2.7
"고환(C62)","남자","40-44세",29,1.5
"고환(C62)","남자","45-49세",18,0.8
"고환(C62)","남자","50-54세",12,0.6
"고환(C62)","남자","55-59세",8,0.4
"고환(C62)","남자","60-64세",11,0.6
"고환(C62)","남자","65-69세",2,0.2
"고환(C62)","남자","70-74세",2,0.2
"고환(C62)","남자","75-79세",5,0.7
"고환(C62)","남자","80-84세",2,0.5
"고환(C62)","남자","85세이상",1,0.5
"고환(C62)","남자","연령미상",-,-
"고환(C62)","여자","계",-,-
"고환(C62)","여자","0-4세",-,-
"고환(C62)","여자","5-9세",-,-
"고환(C62)","여자","10-14세",-,-
"고환(C62)","여자","15-19세",-,-
"고환(C62)","여자","20-24세",-,-
"고환(C62)","여자","25-29세",-,-
"고환(C62)","여자","30-34세",-,-
"고환(C62)","여자","35-39세",-,-
"고환(C62)","여자","40-44세",-,-
"고환(C62)","여자","45-49세",-,-
"고환(C62)","여자","50-54세",-,-
"고환(C62)","여자","55-59세",-,-
"고환(C62)","여자","60-64세",-,-
"고환(C62)","여자","65-69세",-,-
"고환(C62)","여자","70-74세",-,-
"고환(C62)","여자","75-79세",-,-
"고환(C62)","여자","80-84세",-,-
"고환(C62)","여자","85세이상",-,-
"고환(C62)","여자","연령미상",-,-
"신장(C64)","계","계",6026,11.7
"신장(C64)","계","0-4세",21,1.1
"신장(C64)","계","5-9세",1,-
"신장(C64)","계","10-14세",3,0.1
"신장(C64)","계","15-19세",3,0.1
"신장(C64)","계","20-24세",18,0.5
"신장(C64)","계","25-29세",52,1.5
"신장(C64)","계","30-34세",104,3.3
"신장(C64)","계","35-39세",246,6.2
"신장(C64)","계","40-44세",383,9.9
"신장(C64)","계","45-49세",507,11.3
"신장(C64)","계","50-54세",642,15.1
"신장(C64)","계","55-59세",803,18.9
"신장(C64)","계","60-64세",913,25.4
"신장(C64)","계","65-69세",762,31.2
"신장(C64)","계","70-74세",634,33.3
"신장(C64)","계","75-79세",526,32.8
"신장(C64)","계","80-84세",269,25.5
"신장(C64)","계","85세이상",139,19.5
"신장(C64)","계","연령미상",-,-
"신장(C64)","남자","계",4155,16.2
"신장(C64)","남자","0-4세",11,1.1
"신장(C64)","남자","5-9세",1,0.1
"신장(C64)","남자","10-14세",1,0.1
"신장(C64)","남자","15-19세",3,0.2
"신장(C64)","남자","20-24세",7,0.4
"신장(C64)","남자","25-29세",35,1.9
"신장(C64)","남자","30-34세",73,4.5
"신장(C64)","남자","35-39세",189,9.4
"신장(C64)","남자","40-44세",289,14.7
"신장(C64)","남자","45-49세",368,16.2
"신장(C64)","남자","50-54세",453,21.1
"신장(C64)","남자","55-59세",555,26.0
"신장(C64)","남자","60-64세",631,35.5
"신장(C64)","남자","65-69세",524,44.5
"신장(C64)","남자","70-74세",446,50.5
"신장(C64)","남자","75-79세",342,50.6
"신장(C64)","남자","80-84세",162,41.9
"신장(C64)","남자","85세이상",65,34.1
"신장(C64)","남자","연령미상",-,-
"신장(C64)","여자","계",1871,7.3
"신장(C64)","여자","0-4세",10,1.1
"신장(C64)","여자","5-9세",-,-
"신장(C64)","여자","10-14세",2,0.2
"신장(C64)","여자","15-19세",-,-
"신장(C64)","여자","20-24세",11,0.7
"신장(C64)","여자","25-29세",17,1.0
"신장(C64)","여자","30-34세",31,2.0
"신장(C64)","여자","35-39세",57,2.9
"신장(C64)","여자","40-44세",94,5.0
"신장(C64)","여자","45-49세",139,6.3
"신장(C64)","여자","50-54세",189,8.9
"신장(C64)","여자","55-59세",248,11.7
"신장(C64)","여자","60-64세",282,15.5
"신장(C64)","여자","65-69세",238,18.8
"신장(C64)","여자","70-74세",188,18.5
"신장(C64)","여자","75-79세",184,19.8
"신장(C64)","여자","80-84세",107,16.0
"신장(C64)","여자","85세이상",74,14.2
"신장(C64)","여자","연령미상",-,-
"방광(C67)","계","계",4895,9.5
"방광(C67)","계","0-4세",-,-
"방광(C67)","계","5-9세",-,-
"방광(C67)","계","10-14세",-,-
"방광(C67)","계","15-19세",-,-
"방광(C67)","계","20-24세",3,0.1
"방광(C67)","계","25-29세",6,0.2
"방광(C67)","계","30-34세",8,0.3
"방광(C67)","계","35-39세",19,0.5
"방광(C67)","계","40-44세",51,1.3
"방광(C67)","계","45-49세",111,2.5
"방광(C67)","계","50-54세",202,4.7
"방광(C67)","계","55-59세",402,9.4
"방광(C67)","계","60-64세",576,16.0
"방광(C67)","계","65-69세",700,28.6
"방광(C67)","계","70-74세",785,41.3
"방광(C67)","계","75-79세",878,54.8
"방광(C67)","계","80-84세",700,66.3
"방광(C67)","계","85세이상",454,63.7
"방광(C67)","계","연령미상",-,-
"방광(C67)","남자","계",3984,15.6
"방광(C67)","남자","0-4세",-,-
"방광(C67)","남자","5-9세",-,-
"방광(C67)","남자","10-14세",-,-
"방광(C67)","남자","15-19세",-,-
"방광(C67)","남자","20-24세",3,0.2
"방광(C67)","남자","25-29세",4,0.2
"방광(C67)","남자","30-34세",7,0.4
"방광(C67)","남자","35-39세",16,0.8
"방광(C67)","남자","40-44세",42,2.1
"방광(C67)","남자","45-49세",86,3.8
"방광(C67)","남자","50-54세",174,8.1
"방광(C67)","남자","55-59세",335,15.7
"방광(C67)","남자","60-64세",501,28.2
"방광(C67)","남자","65-69세",590,50.1
"방광(C67)","남자","70-74세",654,74.0
"방광(C67)","남자","75-79세",702,103.9
"방광(C67)","남자","80-84세",544,140.7
"방광(C67)","남자","85세이상",326,171.2
"방광(C67)","남자","연령미상",-,-
"방광(C67)","여자","계",911,3.5
"방광(C67)","여자","0-4세",-,-
"방광(C67)","여자","5-9세",-,-
"방광(C67)","여자","10-14세",-,-
"방광(C67)","여자","15-19세",-,-
"방광(C67)","여자","20-24세",-,-
"방광(C67)","여자","25-29세",2,0.1
"방광(C67)","여자","30-34세",1,0.1
"방광(C67)","여자","35-39세",3,0.2
"방광(C67)","여자","40-44세",9,0.5
"방광(C67)","여자","45-49세",25,1.1
"방광(C67)","여자","50-54세",28,1.3
"방광(C67)","여자","55-59세",67,3.2
"방광(C67)","여자","60-64세",75,4.1
"방광(C67)","여자","65-69세",110,8.7
"방광(C67)","여자","70-74세",131,12.9
"방광(C67)","여자","75-79세",176,19.0
"방광(C67)","여자","80-84세",156,23.3
"방광(C67)","여자","85세이상",128,24.5
"방광(C67)","여자","연령미상",-,-
"뇌 및 중추신경계(C70-C72)","계","계",1981,3.9
"뇌 및 중추신경계(C70-C72)","계","0-4세",60,3.1
"뇌 및 중추신경계(C70-C72)","계","5-9세",37,1.6
"뇌 및 중추신경계(C70-C72)","계","10-14세",39,1.7
"뇌 및 중추신경계(C70-C72)","계","15-19세",44,1.6
"뇌 및 중추신경계(C70-C72)","계","20-24세",49,1.5
"뇌 및 중추신경계(C70-C72)","계","25-29세",46,1.3
"뇌 및 중추신경계(C70-C72)","계","30-34세",62,2.0
"뇌 및 중추신경계(C70-C72)","계","35-39세",90,2.3
"뇌 및 중추신경계(C70-C72)","계","40-44세",96,2.5
"뇌 및 중추신경계(C70-C72)","계","45-49세",131,2.9
"뇌 및 중추신경계(C70-C72)","계","50-54세",154,3.6
"뇌 및 중추신경계(C70-C72)","계","55-59세",194,4.6
"뇌 및 중추신경계(C70-C72)","계","60-64세",223,6.2
"뇌 및 중추신경계(C70-C72)","계","65-69세",181,7.4
"뇌 및 중추신경계(C70-C72)","계","70-74세",169,8.9
"뇌 및 중추신경계(C70-C72)","계","75-79세",197,12.3
"뇌 및 중추신경계(C70-C72)","계","80-84세",135,12.8
"뇌 및 중추신경계(C70-C72)","계","85세이상",74,10.4
"뇌 및 중추신경계(C70-C72)","계","연령미상",-,-
"뇌 및 중추신경계(C70-C72)","남자","계",1070,4.2
"뇌 및 중추신경계(C70-C72)","남자","0-4세",32,3.3
"뇌 및 중추신경계(C70-C72)","남자","5-9세",22,1.8
"뇌 및 중추신경계(C70-C72)","남자","10-14세",22,1.8
"뇌 및 중추신경계(C70-C72)","남자","15-19세",26,1.8
"뇌 및 중추신경계(C70-C72)","남자","20-24세",24,1.4
"뇌 및 중추신경계(C70-C72)","남자","25-29세",25,1.4
"뇌 및 중추신경계(C70-C72)","남자","30-34세",36,2.2
"뇌 및 중추신경계(C70-C72)","남자","35-39세",55,2.7
"뇌 및 중추신경계(C70-C72)","남자","40-44세",50,2.6
"뇌 및 중추신경계(C70-C72)","남자","45-49세",70,3.1
"뇌 및 중추신경계(C70-C72)","남자","50-54세",86,4.0
"뇌 및 중추신경계(C70-C72)","남자","55-59세",115,5.4
"뇌 및 중추신경계(C70-C72)","남자","60-64세",111,6.2
"뇌 및 중추신경계(C70-C72)","남자","65-69세",106,9.0
"뇌 및 중추신경계(C70-C72)","남자","70-74세",103,11.7
"뇌 및 중추신경계(C70-C72)","남자","75-79세",97,14.4
"뇌 및 중추신경계(C70-C72)","남자","80-84세",63,16.3
"뇌 및 중추신경계(C70-C72)","남자","85세이상",27,14.2
"뇌 및 중추신경계(C70-C72)","남자","연령미상",-,-
"뇌 및 중추신경계(C70-C72)","여자","계",911,3.5
"뇌 및 중추신경계(C70-C72)","여자","0-4세",28,3.0
"뇌 및 중추신경계(C70-C72)","여자","5-9세",15,1.3
"뇌 및 중추신경계(C70-C72)","여자","10-14세",17,1.5
"뇌 및 중추신경계(C70-C72)","여자","15-19세",18,1.4
"뇌 및 중추신경계(C70-C72)","여자","20-24세",25,1.6
"뇌 및 중추신경계(C70-C72)","여자","25-29세",21,1.3
"뇌 및 중추신경계(C70-C72)","여자","30-34세",26,1.7
"뇌 및 중추신경계(C70-C72)","여자","35-39세",35,1.8
"뇌 및 중추신경계(C70-C72)","여자","40-44세",46,2.4
"뇌 및 중추신경계(C70-C72)","여자","45-49세",61,2.8
"뇌 및 중추신경계(C70-C72)","여자","50-54세",68,3.2
"뇌 및 중추신경계(C70-C72)","여자","55-59세",79,3.7
"뇌 및 중추신경계(C70-C72)","여자","60-64세",112,6.1
"뇌 및 중추신경계(C70-C72)","여자","65-69세",75,5.9
"뇌 및 중추신경계(C70-C72)","여자","70-74세",66,6.5
"뇌 및 중추신경계(C70-C72)","여자","75-79세",100,10.8
"뇌 및 중추신경계(C70-C72)","여자","80-84세",72,10.8
"뇌 및 중추신경계(C70-C72)","여자","85세이상",47,9.0
"뇌 및 중추신경계(C70-C72)","여자","연령미상",-,-
"갑상선(C73)","계","계",30676,59.8
"갑상선(C73)","계","0-4세",1,0.1
"갑상선(C73)","계","5-9세",4,0.2
"갑상선(C73)","계","10-14세",23,1.0
"갑상선(C73)","계","15-19세",162,5.9
"갑상선(C73)","계","20-24세",653,19.5
"갑상선(C73)","계","25-29세",1639,47.8
"갑상선(C73)","계","30-34세",2487,78.9
"갑상선(C73)","계","35-39세",3872,97.8
"갑상선(C73)","계","40-44세",4154,107.7
"갑상선(C73)","계","45-49세",4059,90.6
"갑상선(C73)","계","50-54세",4048,95.0
"갑상선(C73)","계","55-59세",3724,87.4
"갑상선(C73)","계","60-64세",2654,73.7
"갑상선(C73)","계","65-69세",1379,56.4
"갑상선(C73)","계","70-74세",936,49.2
"갑상선(C73)","계","75-79세",552,34.4
"갑상선(C73)","계","80-84세",240,22.7
"갑상선(C73)","계","85세이상",89,12.5
"갑상선(C73)","계","연령미상",-,-
"갑상선(C73)","남자","계",7516,29.3
"갑상선(C73)","남자","0-4세",-,-
"갑상선(C73)","남자","5-9세",2,0.2
"갑상선(C73)","남자","10-14세",4,0.3
"갑상선(C73)","남자","15-19세",33,2.3
"갑상선(C73)","남자","20-24세",130,7.4
"갑상선(C73)","남자","25-29세",395,21.8
"갑상선(C73)","남자","30-34세",673,41.3
"갑상선(C73)","남자","35-39세",1096,54.3
"갑상선(C73)","남자","40-44세",1087,55.5
"갑상선(C73)","남자","45-49세",937,41.2
"갑상선(C73)","남자","50-54세",870,40.5
"갑상선(C73)","남자","55-59세",841,39.4
"갑상선(C73)","남자","60-64세",654,36.8
"갑상선(C73)","남자","65-69세",355,30.1
"갑상선(C73)","남자","70-74세",234,26.5
"갑상선(C73)","남자","75-79세",131,19.4
"갑상선(C73)","남자","80-84세",56,14.5
"갑상선(C73)","남자","85세이상",18,9.5
"갑상선(C73)","남자","연령미상",-,-
"갑상선(C73)","여자","계",23160,90.0
"갑상선(C73)","여자","0-4세",1,0.1
"갑상선(C73)","여자","5-9세",2,0.2
"갑상선(C73)","여자","10-14세",19,1.7
"갑상선(C73)","여자","15-19세",129,9.9
"갑상선(C73)","여자","20-24세",523,32.8
"갑상선(C73)","여자","25-29세",1244,76.8
"갑상선(C73)","여자","30-34세",1814,119.1
"갑상선(C73)","여자","35-39세",2776,142.9
"갑상선(C73)","여자","40-44세",3067,161.6
"갑상선(C73)","여자","45-49세",3122,141.6
"갑상선(C73)","여자","50-54세",3178,150.5
"갑상선(C73)","여자","55-59세",2883,135.8
"갑상선(C73)","여자","60-64세",2000,109.7
"갑상선(C73)","여자","65-69세",1024,80.9
"갑상선(C73)","여자","70-74세",702,68.9
"갑상선(C73)","여자","75-79세",421,45.4
"갑상선(C73)","여자","80-84세",184,27.5
"갑상선(C73)","여자","85세이상",71,13.6
"갑상선(C73)","여자","연령미상",-,-
"호지킨 림프종(C81)","계","계",308,0.6
"호지킨 림프종(C81)","계","0-4세",-,-
"호지킨 림프종(C81)","계","5-9세",-,-
"호지킨 림프종(C81)","계","10-14세",6,0.3
"호지킨 림프종(C81)","계","15-19세",22,0.8
"호지킨 림프종(C81)","계","20-24세",26,0.8
"호지킨 림프종(C81)","계","25-29세",32,0.9
"호지킨 림프종(C81)","계","30-34세",26,0.8
"호지킨 림프종(C81)","계","35-39세",22,0.6
"호지킨 림프종(C81)","계","40-44세",14,0.4
"호지킨 림프종(C81)","계","45-49세",18,0.4
"호지킨 림프종(C81)","계","50-54세",18,0.4
"호지킨 림프종(C81)","계","55-59세",25,0.6
"호지킨 림프종(C81)","계","60-64세",19,0.5
"호지킨 림프종(C81)","계","65-69세",27,1.1
"호지킨 림프종(C81)","계","70-74세",18,0.9
"호지킨 림프종(C81)","계","75-79세",19,1.2
"호지킨 림프종(C81)","계","80-84세",11,1.0
"호지킨 림프종(C81)","계","85세이상",5,0.7
"호지킨 림프종(C81)","계","연령미상",-,-
"호지킨 림프종(C81)","남자","계",181,0.7
"호지킨 림프종(C81)","남자","0-4세",-,-
"호지킨 림프종(C81)","남자","5-9세",-,-
"호지킨 림프종(C81)","남자","10-14세",4,0.3
"호지킨 림프종(C81)","남자","15-19세",10,0.7
"호지킨 림프종(C81)","남자","20-24세",12,0.7
"호지킨 림프종(C81)","남자","25-29세",15,0.8
"호지킨 림프종(C81)","남자","30-34세",12,0.7
"호지킨 림프종(C81)","남자","35-39세",13,0.6
"호지킨 림프종(C81)","남자","40-44세",9,0.5
"호지킨 림프종(C81)","남자","45-49세",13,0.6
"호지킨 림프종(C81)","남자","50-54세",14,0.7
"호지킨 림프종(C81)","남자","55-59세",18,0.8
"호지킨 림프종(C81)","남자","60-64세",16,0.9
"호지킨 림프종(C81)","남자","65-69세",18,1.5
"호지킨 림프종(C81)","남자","70-74세",11,1.2
"호지킨 림프종(C81)","남자","75-79세",11,1.6
"호지킨 림프종(C81)","남자","80-84세",5,1.3
"호지킨 림프종(C81)","남자","85세이상",-,-
"호지킨 림프종(C81)","남자","연령미상",-,-
"호지킨 림프종(C81)","여자","계",127,0.5
"호지킨 림프종(C81)","여자","0-4세",-,-
"호지킨 림프종(C81)","여자","5-9세",-,-
"호지킨 림프종(C81)","여자","10-14세",2,0.2
"호지킨 림프종(C81)","여자","15-19세",12,0.9
"호지킨 림프종(C81)","여자","20-24세",14,0.9
"호지킨 림프종(C81)","여자","25-29세",17,1.0
"호지킨 림프종(C81)","여자","30-34세",14,0.9
"호지킨 림프종(C81)","여자","35-39세",9,0.5
"호지킨 림프종(C81)","여자","40-44세",5,0.3
"호지킨 림프종(C81)","여자","45-49세",5,0.2
"호지킨 림프종(C81)","여자","50-54세",4,0.2
"호지킨 림프종(C81)","여자","55-59세",7,0.3
"호지킨 림프종(C81)","여자","60-64세",3,0.2
"호지킨 림프종(C81)","여자","65-69세",9,0.7
"호지킨 림프종(C81)","여자","70-74세",7,0.7
"호지킨 림프종(C81)","여자","75-79세",8,0.9
"호지킨 림프종(C81)","여자","80-84세",6,0.9
"호지킨 림프종(C81)","여자","85세이상",5,1.0
"호지킨 림프종(C81)","여자","연령미상",-,-
"비호지킨 림프종(C82-C86,C96)","계","계",5388,10.5
"비호지킨 림프종(C82-C86,C96)","계","0-4세",45,2.4
"비호지킨 림프종(C82-C86,C96)","계","5-9세",37,1.6
"비호지킨 림프종(C82-C86,C96)","계","10-14세",47,2.0
"비호지킨 림프종(C82-C86,C96)","계","15-19세",44,1.6
"비호지킨 림프종(C82-C86,C96)","계","20-24세",65,1.9
"비호지킨 림프종(C82-C86,C96)","계","25-29세",79,2.3
"비호지킨 림프종(C82-C86,C96)","계","30-34세",101,3.2
"비호지킨 림프종(C82-C86,C96)","계","35-39세",178,4.5
"비호지킨 림프종(C82-C86,C96)","계","40-44세",221,5.7
"비호지킨 림프종(C82-C86,C96)","계","45-49세",335,7.5
"비호지킨 림프종(C82-C86,C96)","계","50-54세",411,9.7
"비호지킨 림프종(C82-C86,C96)","계","55-59세",586,13.8
"비호지킨 림프종(C82-C86,C96)","계","60-64세",676,18.8
"비호지킨 림프종(C82-C86,C96)","계","65-69세",602,24.6
"비호지킨 림프종(C82-C86,C96)","계","70-74세",634,33.3
"비호지킨 림프종(C82-C86,C96)","계","75-79세",635,39.6
"비호지킨 림프종(C82-C86,C96)","계","80-84세",414,39.2
"비호지킨 림프종(C82-C86,C96)","계","85세이상",278,39.0
"비호지킨 림프종(C82-C86,C96)","계","연령미상",-,-
"비호지킨 림프종(C82-C86,C96)","남자","계",3117,12.2
"비호지킨 림프종(C82-C86,C96)","남자","0-4세",28,2.9
"비호지킨 림프종(C82-C86,C96)","남자","5-9세",26,2.2
"비호지킨 림프종(C82-C86,C96)","남자","10-14세",28,2.4
"비호지킨 림프종(C82-C86,C96)","남자","15-19세",29,2.0
"비호지킨 림프종(C82-C86,C96)","남자","20-24세",35,2.0
"비호지킨 림프종(C82-C86,C96)","남자","25-29세",47,2.6
"비호지킨 림프종(C82-C86,C96)","남자","30-34세",62,3.8
"비호지킨 림프종(C82-C86,C96)","남자","35-39세",107,5.3
"비호지킨 림프종(C82-C86,C96)","남자","40-44세",132,6.7
"비호지킨 림프종(C82-C86,C96)","남자","45-49세",197,8.7
"비호지킨 림프종(C82-C86,C96)","남자","50-54세",252,11.7
"비호지킨 림프종(C82-C86,C96)","남자","55-59세",352,16.5
"비호지킨 림프종(C82-C86,C96)","남자","60-64세",394,22.2
"비호지킨 림프종(C82-C86,C96)","남자","65-69세",363,30.8
"비호지킨 림프종(C82-C86,C96)","남자","70-74세",391,44.2
"비호지킨 림프종(C82-C86,C96)","남자","75-79세",338,50.0
"비호지킨 림프종(C82-C86,C96)","남자","80-84세",221,57.1
"비호지킨 림프종(C82-C86,C96)","남자","85세이상",115,60.4
"비호지킨 림프종(C82-C86,C96)","남자","연령미상",-,-
"비호지킨 림프종(C82-C86,C96)","여자","계",2271,8.8
"비호지킨 림프종(C82-C86,C96)","여자","0-4세",17,1.8
"비호지킨 림프종(C82-C86,C96)","여자","5-9세",11,1.0
"비호지킨 림프종(C82-C86,C96)","여자","10-14세",19,1.7
"비호지킨 림프종(C82-C86,C96)","여자","15-19세",15,1.1
"비호지킨 림프종(C82-C86,C96)","여자","20-24세",30,1.9
"비호지킨 림프종(C82-C86,C96)","여자","25-29세",32,2.0
"비호지킨 림프종(C82-C86,C96)","여자","30-34세",39,2.6
"비호지킨 림프종(C82-C86,C96)","여자","35-39세",71,3.7
"비호지킨 림프종(C82-C86,C96)","여자","40-44세",89,4.7
"비호지킨 림프종(C82-C86,C96)","여자","45-49세",138,6.3
"비호지킨 림프종(C82-C86,C96)","여자","50-54세",159,7.5
"비호지킨 림프종(C82-C86,C96)","여자","55-59세",234,11.0
"비호지킨 림프종(C82-C86,C96)","여자","60-64세",282,15.5
"비호지킨 림프종(C82-C86,C96)","여자","65-69세",239,18.9
"비호지킨 림프종(C82-C86,C96)","여자","70-74세",243,23.9
"비호지킨 림프종(C82-C86,C96)","여자","75-79세",297,32.0
"비호지킨 림프종(C82-C86,C96)","여자","80-84세",193,28.8
"비호지킨 림프종(C82-C86,C96)","여자","85세이상",163,31.2
"비호지킨 림프종(C82-C86,C96)","여자","연령미상",-,-
"다발성 골수종(C90)","계","계",1831,3.6
"다발성 골수종(C90)","계","0-4세",-,-
"다발성 골수종(C90)","계","5-9세",-,-
"다발성 골수종(C90)","계","10-14세",-,-
"다발성 골수종(C90)","계","15-19세",-,-
"다발성 골수종(C90)","계","20-24세",-,-
"다발성 골수종(C90)","계","25-29세",1,-
"다발성 골수종(C90)","계","30-34세",3,0.1
"다발성 골수종(C90)","계","35-39세",13,0.3
"다발성 골수종(C90)","계","40-44세",33,0.9
"다발성 골수종(C90)","계","45-49세",65,1.5
"다발성 골수종(C90)","계","50-54세",126,3.0
"다발성 골수종(C90)","계","55-59세",182,4.3
"다발성 골수종(C90)","계","60-64세",251,7.0
"다발성 골수종(C90)","계","65-69세",294,12.0
"다발성 골수종(C90)","계","70-74세",295,15.5
"다발성 골수종(C90)","계","75-79세",320,20.0
"다발성 골수종(C90)","계","80-84세",176,16.7
"다발성 골수종(C90)","계","85세이상",72,10.1
"다발성 골수종(C90)","계","연령미상",-,-
"다발성 골수종(C90)","남자","계",997,3.9
"다발성 골수종(C90)","남자","0-4세",-,-
"다발성 골수종(C90)","남자","5-9세",-,-
"다발성 골수종(C90)","남자","10-14세",-,-
"다발성 골수종(C90)","남자","15-19세",-,-
"다발성 골수종(C90)","남자","20-24세",-,-
"다발성 골수종(C90)","남자","25-29세",-,-
"다발성 골수종(C90)","남자","30-34세",2,0.1
"다발성 골수종(C90)","남자","35-39세",9,0.4
"다발성 골수종(C90)","남자","40-44세",22,1.1
"다발성 골수종(C90)","남자","45-49세",43,1.9
"다발성 골수종(C90)","남자","50-54세",68,3.2
"다발성 골수종(C90)","남자","55-59세",96,4.5
"다발성 골수종(C90)","남자","60-64세",142,8.0
"다발성 골수종(C90)","남자","65-69세",165,14.0
"다발성 골수종(C90)","남자","70-74세",160,18.1
"다발성 골수종(C90)","남자","75-79세",165,24.4
"다발성 골수종(C90)","남자","80-84세",89,23.0
"다발성 골수종(C90)","남자","85세이상",36,18.9
"다발성 골수종(C90)","남자","연령미상",-,-
"다발성 골수종(C90)","여자","계",834,3.2
"다발성 골수종(C90)","여자","0-4세",-,-
"다발성 골수종(C90)","여자","5-9세",-,-
"다발성 골수종(C90)","여자","10-14세",-,-
"다발성 골수종(C90)","여자","15-19세",-,-
"다발성 골수종(C90)","여자","20-24세",-,-
"다발성 골수종(C90)","여자","25-29세",1,0.1
"다발성 골수종(C90)","여자","30-34세",1,0.1
"다발성 골수종(C90)","여자","35-39세",4,0.2
"다발성 골수종(C90)","여자","40-44세",11,0.6
"다발성 골수종(C90)","여자","45-49세",22,1.0
"다발성 골수종(C90)","여자","50-54세",58,2.7
"다발성 골수종(C90)","여자","55-59세",86,4.1
"다발성 골수종(C90)","여자","60-64세",109,6.0
"다발성 골수종(C90)","여자","65-69세",129,10.2
"다발성 골수종(C90)","여자","70-74세",135,13.3
"다발성 골수종(C90)","여자","75-79세",155,16.7
"다발성 골수종(C90)","여자","80-84세",87,13.0
"다발성 골수종(C90)","여자","85세이상",36,6.9
"다발성 골수종(C90)","여자","연령미상",-,-
"백혈병(C91-C95)","계","계",3738,7.3
"백혈병(C91-C95)","계","0-4세",124,6.5
"백혈병(C91-C95)","계","5-9세",83,3.6
"백혈병(C91-C95)","계","10-14세",83,3.6
"백혈병(C91-C95)","계","15-19세",86,3.2
"백혈병(C91-C95)","계","20-24세",103,3.1
"백혈병(C91-C95)","계","25-29세",123,3.6
"백혈병(C91-C95)","계","30-34세",123,3.9
"백혈병(C91-C95)","계","35-39세",167,4.2
"백혈병(C91-C95)","계","40-44세",156,4.0
"백혈병(C91-C95)","계","45-49세",246,5.5
"백혈병(C91-C95)","계","50-54세",275,6.5
"백혈병(C91-C95)","계","55-59세",365,8.6
"백혈병(C91-C95)","계","60-64세",406,11.3
"백혈병(C91-C95)","계","65-69세",314,12.8
"백혈병(C91-C95)","계","70-74세",349,18.3
"백혈병(C91-C95)","계","75-79세",319,19.9
"백혈병(C91-C95)","계","80-84세",268,25.4
"백혈병(C91-C95)","계","85세이상",148,20.8
"백혈병(C91-C95)","계","연령미상",-,-
"백혈병(C91-C95)","남자","계",2108,8.2
"백혈병(C91-C95)","남자","0-4세",79,8.1
"백혈병(C91-C95)","남자","5-9세",41,3.4
"백혈병(C91-C95)","남자","10-14세",46,3.9
"백혈병(C91-C95)","남자","15-19세",65,4.6
"백혈병(C91-C95)","남자","20-24세",65,3.7
"백혈병(C91-C95)","남자","25-29세",72,4.0
"백혈병(C91-C95)","남자","30-34세",77,4.7
"백혈병(C91-C95)","남자","35-39세",84,4.2
"백혈병(C91-C95)","남자","40-44세",93,4.7
"백혈병(C91-C95)","남자","45-49세",144,6.3
"백혈병(C91-C95)","남자","50-54세",158,7.4
"백혈병(C91-C95)","남자","55-59세",192,9.0
"백혈병(C91-C95)","남자","60-64세",221,12.4
"백혈병(C91-C95)","남자","65-69세",183,15.5
"백혈병(C91-C95)","남자","70-74세",222,25.1
"백혈병(C91-C95)","남자","75-79세",172,25.4
"백혈병(C91-C95)","남자","80-84세",135,34.9
"백혈병(C91-C95)","남자","85세이상",59,31.0
"백혈병(C91-C95)","남자","연령미상",-,-
"백혈병(C91-C95)","여자","계",1630,6.3
"백혈병(C91-C95)","여자","0-4세",45,4.8
"백혈병(C91-C95)","여자","5-9세",42,3.7
"백혈병(C91-C95)","여자","10-14세",37,3.3
"백혈병(C91-C95)","여자","15-19세",21,1.6
"백혈병(C91-C95)","여자","20-24세",38,2.4
"백혈병(C91-C95)","여자","25-29세",51,3.1
"백혈병(C91-C95)","여자","30-34세",46,3.0
"백혈병(C91-C95)","여자","35-39세",83,4.3
"백혈병(C91-C95)","여자","40-44세",63,3.3
"백혈병(C91-C95)","여자","45-49세",102,4.6
"백혈병(C91-C95)","여자","50-54세",117,5.5
"백혈병(C91-C95)","여자","55-59세",173,8.1
"백혈병(C91-C95)","여자","60-64세",185,10.1
"백혈병(C91-C95)","여자","65-69세",131,10.3
"백혈병(C91-C95)","여자","70-74세",127,12.5
"백혈병(C91-C95)","여자","75-79세",147,15.9
"백혈병(C91-C95)","여자","80-84세",133,19.9
"백혈병(C91-C95)","여자","85세이상",89,17.0
"백혈병(C91-C95)","여자","연령미상",-,-
"기타 암(Re. C00-C96)","계","계",20735,40.4
"기타 암(Re. C00-C96)","계","0-4세",125,6.5
"기타 암(Re. C00-C96)","계","5-9세",50,2.2
"기타 암(Re. C00-C96)","계","10-14세",76,3.3
"기타 암(Re. C00-C96)","계","15-19세",123,4.5
"기타 암(Re. C00-C96)","계","20-24세",157,4.7
"기타 암(Re. C00-C96)","계","25-29세",208,6.1
"기타 암(Re. C00-C96)","계","30-34세",283,9.0
"기타 암(Re. C00-C96)","계","35-39세",493,12.4
"기타 암(Re. C00-C96)","계","40-44세",673,17.4
"기타 암(Re. C00-C96)","계","45-49세",1054,23.5
"기타 암(Re. C00-C96)","계","50-54세",1370,32.2
"기타 암(Re. C00-C96)","계","55-59세",2035,47.8
"기타 암(Re. C00-C96)","계","60-64세",2345,65.1
"기타 암(Re. C00-C96)","계","65-69세",2194,89.8
"기타 암(Re. C00-C96)","계","70-74세",2443,128.4
"기타 암(Re. C00-C96)","계","75-79세",2761,172.2
"기타 암(Re. C00-C96)","계","80-84세",2457,232.6
"기타 암(Re. C00-C96)","계","85세이상",1888,264.7
"기타 암(Re. C00-C96)","계","연령미상",-,-
"기타 암(Re. C00-C96)","남자","계",10423,40.7
"기타 암(Re. C00-C96)","남자","0-4세",62,6.3
"기타 암(Re. C00-C96)","남자","5-9세",33,2.8
"기타 암(Re. C00-C96)","남자","10-14세",46,3.9
"기타 암(Re. C00-C96)","남자","15-19세",73,5.1
"기타 암(Re. C00-C96)","남자","20-24세",92,5.2
"기타 암(Re. C00-C96)","남자","25-29세",91,5.0
"기타 암(Re. C00-C96)","남자","30-34세",138,8.5
"기타 암(Re. C00-C96)","남자","35-39세",246,12.2
"기타 암(Re. C00-C96)","남자","40-44세",369,18.8
"기타 암(Re. C00-C96)","남자","45-49세",524,23.0
"기타 암(Re. C00-C96)","남자","50-54세",700,32.6
"기타 암(Re. C00-C96)","남자","55-59세",1095,51.2
"기타 암(Re. C00-C96)","남자","60-64세",1315,74.0
"기타 암(Re. C00-C96)","남자","65-69세",1236,104.9
"기타 암(Re. C00-C96)","남자","70-74세",1347,152.4
"기타 암(Re. C00-C96)","남자","75-79세",1404,207.7
"기타 암(Re. C00-C96)","남자","80-84세",1037,268.1
"기타 암(Re. C00-C96)","남자","85세이상",615,322.9
"기타 암(Re. C00-C96)","남자","연령미상",-,-
"기타 암(Re. C00-C96)","여자","계",10312,40.1
"기타 암(Re. C00-C96)","여자","0-4세",63,6.8
"기타 암(Re. C00-C96)","여자","5-9세",17,1.5
"기타 암(Re. C00-C96)","여자","10-14세",30,2.7
"기타 암(Re. C00-C96)","여자","15-19세",50,3.8
"기타 암(Re. C00-C96)","여자","20-24세",65,4.1
"기타 암(Re. C00-C96)","여자","25-29세",117,7.2
"기타 암(Re. C00-C96)","여자","30-34세",145,9.5
"기타 암(Re. C00-C96)","여자","35-39세",247,12.7
"기타 암(Re. C00-C96)","여자","40-44세",304,16.0
"기타 암(Re. C00-C96)","여자","45-49세",530,24.0
"기타 암(Re. C00-C96)","여자","50-54세",670,31.7
"기타 암(Re. C00-C96)","여자","55-59세",940,44.3
"기타 암(Re. C00-C96)","여자","60-64세",1030,56.5
"기타 암(Re. C00-C96)","여자","65-69세",958,75.7
"기타 암(Re. C00-C96)","여자","70-74세",1096,107.6
"기타 암(Re. C00-C96)","여자","75-79세",1357,146.3
"기타 암(Re. C00-C96)","여자","80-84세",1420,212.1
"기타 암(Re. C00-C96)","여자","85세이상",1273,243.6
"기타 암(Re. C00-C96)","여자","연령미상",-,-
